{
    "faithfulness": 1.0,
    "answer_relevancy": 0.9631395530988209,
    "context_precision": 0.9999999999
}